{
	"info": {
		"_postman_id": "ec6a3caa-9dbb-4c66-87cd-5f21d4943e14",
		"name": "td_3036",
		"schema": "https://schema.getpostman.com/json/collection/v2.1.0/collection.json",
		"_exporter_id": "15626290"
	},
	"item": [
		{
			"name": "admin register",
			"request": {
				"method": "POST",
				"header": [],
				"body": {
					"mode": "formdata",
					"formdata": [
						{
							"key": "nom",
							"value": "harice",
							"type": "text"
						},
						{
							"key": "password",
							"value": "123456",
							"type": "text"
						},
						{
							"key": "photo",
							"type": "file",
							"src": "/C:/Users/Rodrigue/Desktop/photos ict/E2AC81B7-8ABD-4358-9593-996CF959F69C_1_105_c.jpeg"
						},
						{
							"key": "email",
							"value": "harice@gmail.com",
							"type": "text"
						}
					]
				},
				"url": {
					"raw": "http://127.0.0.1:3001/api/admin/register",
					"protocol": "http",
					"host": [
						"127",
						"0",
						"0",
						"1"
					],
					"port": "3001",
					"path": [
						"api",
						"admin",
						"register"
					]
				}
			},
			"response": []
		},
		{
			"name": "admin login",
			"request": {
				"method": "POST",
				"header": [],
				"body": {
					"mode": "raw",
					"raw": "{\r\n    \"email\":\"kamdaeva@gmail.com\",\r\n    \"password\":\"123456\"\r\n\r\n}",
					"options": {
						"raw": {
							"language": "json"
						}
					}
				},
				"url": {
					"raw": "http://127.0.0.1:3001/api/admin/login",
					"protocol": "http",
					"host": [
						"127",
						"0",
						"0",
						"1"
					],
					"port": "3001",
					"path": [
						"api",
						"admin",
						"login"
					]
				}
			},
			"response": []
		},
		{
			"name": "Categories/add",
			"request": {
				"method": "POST",
				"header": [],
				"body": {
					"mode": "raw",
					"raw": "{\r\n    \"nom\":\"voiture de course\"\r\n   \r\n}",
					"options": {
						"raw": {
							"language": "json"
						}
					}
				},
				"url": {
					"raw": "http://127.0.0.1:3001/api/categories/add",
					"protocol": "http",
					"host": [
						"127",
						"0",
						"0",
						"1"
					],
					"port": "3001",
					"path": [
						"api",
						"categories",
						"add"
					]
				}
			},
			"response": []
		},
		{
			"name": "categories/all",
			"request": {
				"method": "GET",
				"header": [],
				"url": {
					"raw": "http://127.0.0.1:3001/api/categories/all",
					"protocol": "http",
					"host": [
						"127",
						"0",
						"0",
						"1"
					],
					"port": "3001",
					"path": [
						"api",
						"categories",
						"all"
					]
				}
			},
			"response": []
		},
		{
			"name": "consomation/all/",
			"request": {
				"method": "GET",
				"header": [],
				"url": {
					"raw": "http://127.0.0.1:3001/api/consomation/all/",
					"protocol": "http",
					"host": [
						"127",
						"0",
						"0",
						"1"
					],
					"port": "3001",
					"path": [
						"api",
						"consomation",
						"all",
						""
					]
				}
			},
			"response": []
		},
		{
			"name": "Consomation/add",
			"request": {
				"method": "POST",
				"header": [],
				"body": {
					"mode": "raw",
					"raw": "{\r\n    \"nom\":\"Essence\"\r\n   \r\n}",
					"options": {
						"raw": {
							"language": "json"
						}
					}
				},
				"url": {
					"raw": "http://127.0.0.1:3001/api/Consomation/add",
					"protocol": "http",
					"host": [
						"127",
						"0",
						"0",
						"1"
					],
					"port": "3001",
					"path": [
						"api",
						"Consomation",
						"add"
					]
				}
			},
			"response": []
		},
		{
			"name": "marque/add",
			"request": {
				"method": "POST",
				"header": [],
				"body": {
					"mode": "raw",
					"raw": "{\r\n    \"nom\":\"test marque\"\r\n   \r\n}",
					"options": {
						"raw": {
							"language": "json"
						}
					}
				},
				"url": {
					"raw": "http://127.0.0.1:3001/api/marque/add",
					"protocol": "http",
					"host": [
						"127",
						"0",
						"0",
						"1"
					],
					"port": "3001",
					"path": [
						"api",
						"marque",
						"add"
					]
				}
			},
			"response": []
		},
		{
			"name": "marque/all/",
			"request": {
				"method": "GET",
				"header": [],
				"url": {
					"raw": "http://127.0.0.1:3001/api/marque/all/",
					"protocol": "http",
					"host": [
						"127",
						"0",
						"0",
						"1"
					],
					"port": "3001",
					"path": [
						"api",
						"marque",
						"all",
						""
					]
				}
			},
			"response": []
		},
		{
			"name": "TypeVoiture/all/",
			"request": {
				"method": "GET",
				"header": [],
				"url": {
					"raw": "http://127.0.0.1:3001/api/TypeVoiture/all/",
					"protocol": "http",
					"host": [
						"127",
						"0",
						"0",
						"1"
					],
					"port": "3001",
					"path": [
						"api",
						"TypeVoiture",
						"all",
						""
					]
				}
			},
			"response": []
		},
		{
			"name": "typeVoiture/add",
			"request": {
				"method": "POST",
				"header": [],
				"body": {
					"mode": "raw",
					"raw": "{\r\n    \"nom\":\"test marque\"\r\n   \r\n}",
					"options": {
						"raw": {
							"language": "json"
						}
					}
				},
				"url": {
					"raw": "http://127.0.0.1:3001/api/typeVoiture/add",
					"protocol": "http",
					"host": [
						"127",
						"0",
						"0",
						"1"
					],
					"port": "3001",
					"path": [
						"api",
						"typeVoiture",
						"add"
					]
				}
			},
			"response": []
		},
		{
			"name": "gevoiture",
			"request": {
				"method": "GET",
				"header": [],
				"url": {
					"raw": "http://127.0.0.1:3001/api/voiture/all/",
					"protocol": "http",
					"host": [
						"127",
						"0",
						"0",
						"1"
					],
					"port": "3001",
					"path": [
						"api",
						"voiture",
						"all",
						""
					]
				}
			},
			"response": []
		},
		{
			"name": "addvoiture",
			"request": {
				"method": "POST",
				"header": [],
				"body": {
					"mode": "formdata",
					"formdata": [
						{
							"key": "nom",
							"value": "Bougadi",
							"type": "text"
						},
						{
							"key": "description",
							"value": "fjjjjbqsvgggggggqnkmsgvvvvvvgnqkmgnv",
							"type": "text"
						},
						{
							"key": "photo",
							"type": "file",
							"src": "/C:/Users/Rodrigue/Desktop/ApiRest_expressjs-main/src/public/img/thar-exterior-right-front-three-quarter-11.webp"
						},
						{
							"key": "adminId",
							"value": "2",
							"type": "text"
						},
						{
							"key": "categoryId",
							"value": "1",
							"type": "text"
						},
						{
							"key": "consomationId",
							"value": "1",
							"type": "text"
						},
						{
							"key": "typeVoitureId",
							"value": "1",
							"type": "text"
						}
					]
				},
				"url": {
					"raw": "http://127.0.0.1:3001/api/voiture/register",
					"protocol": "http",
					"host": [
						"127",
						"0",
						"0",
						"1"
					],
					"port": "3001",
					"path": [
						"api",
						"voiture",
						"register"
					]
				}
			},
			"response": []
		}
	]
}